{
  "project_info": {
    "project_number": "144266408736",
    "project_id": "sn-tech-designers",
    "storage_bucket": "sn-tech-designers.appspot.com"
  },
  "client": [
    {
      "client_info": {
        "mobilesdk_app_id": "1:144266408736:android:348c6167e2e38969161d45",
        "android_client_info": {
          "package_name": "com.example.sntech"
        }
      },
      "oauth_client": [
        {
          "client_id": "144266408736-l2a9398lq5tk63jlnsln42t531j6c19s.apps.googleusercontent.com",
          "client_type": 3
        }
      ],
      "api_key": [
        {
          "current_key": "AIzaSyAU4PM6wWoWmPkbRsuAjILyub9rJ2fUh8w"
        }
      ],
      "services": {
        "appinvite_service": {
          "other_platform_oauth_client": [
            {
              "client_id": "144266408736-l2a9398lq5tk63jlnsln42t531j6c19s.apps.googleusercontent.com",
              "client_type": 3
            }
          ]
        }
      }
    },
    {
      "client_info": {
        "mobilesdk_app_id": "1:144266408736:android:669301f24630a019161d45",
        "android_client_info": {
          "package_name": "com.jellysoft.sntech"
        }
      },
      "oauth_client": [
        {
          "client_id": "144266408736-l2a9398lq5tk63jlnsln42t531j6c19s.apps.googleusercontent.com",
          "client_type": 3
        }
      ],
      "api_key": [
        {
          "current_key": "AIzaSyAU4PM6wWoWmPkbRsuAjILyub9rJ2fUh8w"
        }
      ],
      "services": {
        "appinvite_service": {
          "other_platform_oauth_client": [
            {
              "client_id": "144266408736-l2a9398lq5tk63jlnsln42t531j6c19s.apps.googleusercontent.com",
              "client_type": 3
            }
          ]
        }
      }
    }
  ],
  "configuration_version": "1"
}